{"cameraMode":{"drawMode":0,"name":"Shaded","section":"Shading Mode"},"sceneLighting":true,"audioPlay":false,"sceneViewState":{"showFog":true,"showMaterialUpdate":true,"showSkybox":true,"showFlares":true,"showImageEffects":true,"showParticleSystems":true},"in2DMode":false,"pivot":{"x":924.3487548828125,"y":-17.66473388671875,"z":1195.7735595703125},"rotation":{"x":-0.13188877701759339,"y":0.022893330082297326,"z":-0.0030468804761767389,"w":-0.990995466709137},"size":5749.4462890625,"orthographic":false}